Method, GldStd, PPIN, Predicts, Refs, Precision, Recall, F1-score, F2-score, AUC-PR, MMR, Sensitivity, PPP, Accuracy, F-Match, Separation
P5COMP,CYC,Collins,1130,408,0.6716814159292035,0.6323529411764706,0.6514241232709926,0.42572313712701776,0.2927972397520429,0.5738290407296955,0.74375,0.6596270501011009,0.7004267402895851,0.6446078431372549,0.28735084498529717
PC2P,CYC,Collins,209,408,0.8995215311004785,0.5294117647058824,0.6665353555249163,0.37892615195117857,0.3437382651741825,0.41328896401286713,0.6395833333333333,0.7383399209486166,0.6871898629733896,0.5808823529411765,0.6721277676223001
CUBCO+,CYC,Collins,7443,408,0.8049173720274083,0.9215686274509803,0.8593021871881494,0.5998894289613033,0.6527274706511704,0.8501743479167976,0.8885416666666667,0.7110031532415021,0.7948307535484895,0.9387254901960784,0.1664358315584748
ClusterOne,CYC,Collins,125,408,0.968,0.36764705882352944,0.5328987932705012,0.27335366542415007,0.25652463626921557,0.2523341116507138,0.5625,0.6945812807881774,0.6250615733216607,0.39950980392156865,0.504691903192465
