Method, GldStd, PPIN, Predicts, Refs, Precision, Recall, F1-score, F2-score, AUC-PR, MMR, Sensitivity, PPP, Accuracy, F-Match, Separation

P5COMP,CYC,Collins,628,408,0.8200636942675159,0.5784313725490197,0.6783728874104173,0.4055361659248188,0.3224813698369308,0.49850238813090986,0.6583333333333333,0.7297802711547452,0.6931368396717976,0.6127450980392157,0.3894508739001563
