Method, GldStd, PPIN, Predicts, Refs, Precision, Recall, F1-score, F2-score, AUC-PR, MMR, Sensitivity, PPP, Accuracy, F-Match, Separation
P5COMP,CYC,Collins,2240,408,0.5799107142857143,0.6348039215686274,0.6061170001945679,0.41662972273475907,0.2719946292601372,0.5904565941203328,0.7494791666666667,0.628721397523169,0.6864499902259208,0.6519607843137255,0.20261587609265608
PC2P,CYC,Collins,209,408,0.9043062200956937,0.5318627450980392,0.6697913689625608,0.38070793872545033,0.34197534832754606,0.4129621666272462,0.6401041666666667,0.7383399209486166,0.687469606466749,0.5833333333333334,0.6726577492829489
CUBCO+,CYC,Collins,1763,408,0.4339194554736245,0.9313725490196079,0.592020854122966,0.5213087413810109,0.33485080315580734,0.8430347890056243,0.89375,0.6743840643019395,0.7763573645363703,0.9485294117647058,0.34126671385845936
ClusterOne,CYC,Collins,125,408,0.968,0.36764705882352944,0.5328987932705012,0.27335366542415007,0.25652463626921557,0.2523341116507138,0.5625,0.6945812807881774,0.6250615733216607,0.39950980392156865,0.504691903192465
P5COMP,CYC,Gavin,1883,408,0.6043547530536378,0.5392156862745098,0.5699300221725452,0.36605282588512233,0.2753463245746229,0.5004711981809895,0.7005208333333334,0.6361907698632953,0.6675813720166333,0.5637254901960784,0.18765316017678174
PC2P,CYC,Gavin,183,408,0.8852459016393442,0.46078431372549017,0.6060895522388059,0.3338704903476173,0.31079085095855274,0.3550831327803789,0.5291666666666667,0.7618613138686131,0.6349422114823845,0.49264705882352944,0.612734345733419
CUBCO+,CYC,Gavin,1764,408,0.4331065759637188,0.9313725490196079,0.5912638284699481,0.5210150389433258,0.3659814493600234,0.8430347890056243,0.89375,0.6743983257760725,0.7763655734654679,0.9485294117647058,0.34118074074387195
ClusterOne,CYC,Gavin,110,408,0.9,0.2867647058823529,0.43494423791821557,0.21566820276497692,0.22704937393782046,0.2130460499307818,0.4296875,0.738045738045738,0.5631421029070087,0.3137254901960784,0.4576201265237951
