Method, GldStd, PPIN, Predicts, Refs, Precision, Recall, F1-score, F2-score, AUC-PR, MMR, Sensitivity, PPP, Accuracy, F-Match, Separation
P5COMP,CYC,Collins,1030,408,0.7087378640776699,0.6274509803921569,0.6656218834591822,0.426452466797499,0.3125553477019838,0.568447501031648,0.7286458333333333,0.6782106782106783,0.7029760912011054,0.6397058823529411,0.30485185560556094
