Method, GldStd, PPIN, Predicts, Refs, Precision, Recall, F1-score, F2-score, AUC-PR, MMR, Sensitivity, PPP, Accuracy, F-Match, Separation
P5COMP,CYC,Collins,1121,408,0.6752899197145406,0.6323529411764706,0.6531165039777685,0.42608391173592775,0.29247977014937326,0.5728594617216217,0.74375,0.6586428243924806,0.6999039938748081,0.6446078431372549,0.28850695042426694
P5COMP,CYC,Collins,1124,408,0.6743772241992882,0.6323529411764706,0.6526893347751211,0.4259929685151542,0.2935233688162711,0.5736082041251576,0.7432291666666667,0.6578947368421053,0.6992614368156905,0.6446078431372549,0.28800753578454297
P5COMP,CYC,Collins,560,408,0.875,0.5784313725490197,0.6964586846543002,0.4087085601187532,0.33984287369146454,0.4956238464656035,0.6567708333333333,0.7329605963791267,0.6938206840995849,0.6102941176470589,0.41643189977785283
